time_step,h,dt,time,index,position,velocity,density,energy
0,0.9900990099009892,0.4316407541391224,0.0,0,0.009900990099009901,-0.5734508386927734,0.46543745833333344,1.0
0,0.9900990099009892,0.4316407541391224,0.0,1,0.019801980198019802,-0.563995724679472,0.47043545343333354,1.0
0,0.9900990099009892,0.4316407541391224,0.0,2,0.0297029702970297,-0.5543813822266203,0.47537847423333357,1.0
0,0.9900990099009892,0.4316407541391224,0.0,3,0.039603960396039604,-0.5446148663299769,0.4802636119333335,1.0
0,0.9900990099009892,0.4316407541391224,0.0,4,0.04950495049504951,-0.5347028620529727,0.48508801833333354,1.0
0,0.9900990099009892,0.4316407541391224,0.0,5,0.0594059405940594,-0.5246517099910482,0.48984890583333346,1.0
0,0.9900990099009892,0.4316407541391224,0.0,6,0.06930693069306931,-0.5144674300370342,0.4945435474333335,1.0
0,0.9900990099009892,0.4316407541391224,0.0,7,0.07920792079207921,-0.5041557435507796,0.4991692767333335,1.0
0,0.9900990099009892,0.4316407541391224,0.0,8,0.0891089108910891,-0.49372209403199585,0.5037234879333334,1.0
0,0.9900990099009892,0.4316407541391224,0.0,9,0.09900990099009901,-0.4831716663908938,0.5082036358333336,1.0
0,0.9900990099009892,0.4316407541391224,0.0,10,0.10891089108910891,-0.47250940490664367,0.5126072358333337,1.0
0,0.9900990099009892,0.4316407541391224,0.0,11,0.1188118811881188,-0.4617400299591444,0.5169318639333336,1.0
0,0.9900990099009892,0.4316407541391224,0.0,12,0.12871287128712872,-0.45086805361504484,0.5211751567333336,1.0
0,0.9900990099009892,0.4316407541391224,0.0,13,0.13861386138613863,-0.4398977941444931,0.5253348114333335,1.0
0,0.9900990099009892,0.4316407541391224,0.0,14,0.1485148514851485,-0.42883338954072797,0.5294085858333335,1.0
0,0.9900990099009892,0.4316407541391224,0.0,15,0.15841584158415842,-0.41767881011039165,0.5333942983333335,1.0
0,0.9900990099009892,0.4316407541391224,0.0,16,0.16831683168316833,-0.4064378701983657,0.5372898279333336,1.0
0,0.9900990099009892,0.4316407541391224,0.0,17,0.1782178217821782,-0.39511423910701654,0.5410931142333335,1.0
0,0.9900990099009892,0.4316407541391224,0.0,18,0.18811881188118812,-0.3837114512659957,0.5448021574333335,1.0
0,0.9900990099009892,0.4316407541391224,0.0,19,0.19801980198019803,-0.37223291570518857,0.5484150183333335,1.0
0,0.9900990099009892,0.4316407541391224,0.0,20,0.2079207920792079,-0.36068192488002115,0.5519298183333335,1.0
0,0.9900990099009892,0.4316407541391224,0.0,21,0.21782178217821782,-0.3490616628951532,0.5553447394333335,1.0
0,0.9900990099009892,0.4316407541391224,0.0,22,0.22772277227722773,-0.3373752131695685,0.5586580242333335,1.0
0,0.9900990099009892,0.4316407541391224,0.0,23,0.2376237623762376,-0.32562556558324285,0.5618679759333335,1.0
0,0.9900990099009892,0.4316407541391224,0.0,24,0.24752475247524752,-0.3138156231429131,0.5649729583333335,1.0
0,0.9900990099009892,0.4316407541391224,0.0,25,0.25742574257425743,-0.3019482082019725,0.5679713958333337,1.0
0,0.9900990099009892,0.4316407541391224,0.0,26,0.26732673267326734,-0.29002606826719063,0.5708617734333337,1.0
0,0.9900990099009892,0.4316407541391224,0.0,27,0.27722772277227725,-0.27805188142277426,0.5736426367333337,1.0
0,0.9900990099009892,0.4316407541391224,0.0,28,0.2871287128712871,-0.26602826140025787,0.5763125919333336,1.0
0,0.9900990099009892,0.4316407541391224,0.0,29,0.297029702970297,-0.25395776232082035,0.5788703058333337,1.0
0,0.9900990099009892,0.4316407541391224,0.0,30,0.3069306930693069,-0.24184288313486732,0.5813145058333337,1.0
0,0.9900990099009892,0.4316407541391224,0.0,31,0.31683168316831684,-0.2296860717820873,0.5836439799333336,1.0
0,0.9900990099009892,0.4316407541391224,0.0,32,0.32673267326732675,-0.21748972909368014,0.5858575767333336,1.0
0,0.9900990099009892,0.4316407541391224,0.0,33,0.33663366336633666,-0.20525621245705553,0.5879542054333337,1.0
0,0.9900990099009892,0.4316407541391224,0.0,34,0.34653465346534656,-0.19298783926200974,0.5899328358333337,1.0
0,0.9900990099009892,0.4316407541391224,0.0,35,0.3564356435643564,-0.1806868901461983,0.5917924983333337,1.0
0,0.9900990099009892,0.4316407541391224,0.0,36,0.36633663366336633,-0.16835561205662483,0.5935322839333337,1.0
0,0.9900990099009892,0.4316407541391224,0.0,37,0.37623762376237624,-0.15599622114286596,0.5951513442333337,1.0
0,0.9900990099009892,0.4316407541391224,0.0,38,0.38613861386138615,-0.1436109054968246,0.5966488914333337,1.0
0,0.9900990099009892,0.4316407541391224,0.0,39,0.39603960396039606,-0.13120182775297226,0.5980241983333338,1.0
0,0.9900990099009892,0.4316407541391224,0.0,40,0.40594059405940597,-0.1187711275622705,0.5992765983333337,1.0
0,0.9900990099009892,0.4316407541391224,0.0,41,0.4158415841584158,-0.10632092395227323,0.6004054854333336,1.0
0,0.9900990099009892,0.4316407541391224,0.0,42,0.42574257425742573,-0.0938533175852869,0.6014103142333337,1.0
0,0.9900990099009892,0.4316407541391224,0.0,43,0.43564356435643564,-0.08137039292590825,0.6022905999333336,1.0
0,0.9900990099009892,0.4316407541391224,0.0,44,0.44554455445544555,-0.06887422032876062,0.6030459183333337,1.0
0,0.9900990099009892,0.4316407541391224,0.0,45,0.45544554455445546,-0.05636685805681536,0.6036759058333336,1.0
0,0.9900990099009892,0.4316407541391224,0.0,46,0.46534653465346537,-0.04385035424030302,0.6041802594333336,1.0
0,0.9900990099009892,0.4316407541391224,0.0,47,0.4752475247524752,-0.031326748785894615,0.6045587367333336,1.0
0,0.9900990099009892,0.4316407541391224,0.0,48,0.48514851485148514,-0.01879807524555991,0.6048111559333338,1.0
0,0.9900990099009892,0.4316407541391224,0.0,49,0.49504950495049505,-0.006266362654291391,0.6049373958333337,1.0
0,0.9900990099009892,0.4316407541391224,0.0,50,0.504950495049505,0.0062663626542913764,0.6049373958333338,1.0
0,0.9900990099009892,0.4316407541391224,0.0,51,0.5148514851485149,0.018798075245559872,0.6048111559333338,1.0
0,0.9900990099009892,0.4316407541391224,0.0,52,0.5247524752475248,0.031326748785894594,0.6045587367333336,1.0
0,0.9900990099009892,0.4316407541391224,0.0,53,0.5346534653465347,0.0438503542403031,0.6041802594333336,1.0
0,0.9900990099009892,0.4316407541391224,0.0,54,0.5445544554455446,0.05636685805681543,0.6036759058333336,1.0
0,0.9900990099009892,0.4316407541391224,0.0,55,0.5544554455445545,0.06887422032876067,0.6030459183333337,1.0
0,0.9900990099009892,0.4316407541391224,0.0,56,0.5643564356435644,0.08137039292590832,0.6022905999333337,1.0
0,0.9900990099009892,0.4316407541391224,0.0,57,0.5742574257425742,0.09385331758528677,0.6014103142333339,1.0
0,0.9900990099009892,0.4316407541391224,0.0,58,0.5841584158415841,0.10632092395227316,0.6004054854333338,1.0
0,0.9900990099009892,0.4316407541391224,0.0,59,0.594059405940594,0.11877112756227044,0.5992765983333338,1.0
0,0.9900990099009892,0.4316407541391224,0.0,60,0.6039603960396039,0.1312018277529723,0.5980241983333336,1.0
0,0.9900990099009892,0.4316407541391224,0.0,61,0.6138613861386139,0.1436109054968246,0.5966488914333337,1.0
0,0.9900990099009892,0.4316407541391224,0.0,62,0.6237623762376238,0.15599622114286593,0.5951513442333336,1.0
0,0.9900990099009892,0.4316407541391224,0.0,63,0.6336633663366337,0.1683556120566248,0.5935322839333338,1.0
0,0.9900990099009892,0.4316407541391224,0.0,64,0.6435643564356436,0.18068689014619824,0.5917924983333337,1.0
0,0.9900990099009892,0.4316407541391224,0.0,65,0.6534653465346535,0.19298783926200985,0.5899328358333337,1.0
0,0.9900990099009892,0.4316407541391224,0.0,66,0.6633663366336634,0.20525621245705558,0.5879542054333337,1.0
0,0.9900990099009892,0.4316407541391224,0.0,67,0.6732673267326733,0.2174897290936802,0.5858575767333336,1.0
0,0.9900990099009892,0.4316407541391224,0.0,68,0.6831683168316832,0.22968607178208733,0.5836439799333337,1.0
0,0.9900990099009892,0.4316407541391224,0.0,69,0.6930693069306931,0.24184288313486732,0.5813145058333337,1.0
0,0.9900990099009892,0.4316407541391224,0.0,70,0.7029702970297029,0.25395776232082024,0.5788703058333337,1.0
0,0.9900990099009892,0.4316407541391224,0.0,71,0.7128712871287128,0.26602826140025776,0.5763125919333335,1.0
0,0.9900990099009892,0.4316407541391224,0.0,72,0.7227722772277227,0.27805188142277426,0.5736426367333336,1.0
0,0.9900990099009892,0.4316407541391224,0.0,73,0.7326732673267327,0.2900260682671907,0.5708617734333337,1.0
0,0.9900990099009892,0.4316407541391224,0.0,74,0.7425742574257426,0.30194820820197255,0.5679713958333337,1.0
0,0.9900990099009892,0.4316407541391224,0.0,75,0.7524752475247525,0.31381562314291306,0.5649729583333336,1.0
0,0.9900990099009892,0.4316407541391224,0.0,76,0.7623762376237624,0.3256255655832429,0.5618679759333336,1.0
0,0.9900990099009892,0.4316407541391224,0.0,77,0.7722772277227723,0.3373752131695685,0.5586580242333335,1.0
0,0.9900990099009892,0.4316407541391224,0.0,78,0.7821782178217822,0.34906166289515317,0.5553447394333335,1.0
0,0.9900990099009892,0.4316407541391224,0.0,79,0.7920792079207921,0.3606819248800211,0.5519298183333335,1.0
0,0.9900990099009892,0.4316407541391224,0.0,80,0.801980198019802,0.3722329157051887,0.5484150183333334,1.0
0,0.9900990099009892,0.4316407541391224,0.0,81,0.8118811881188119,0.38371145126599576,0.5448021574333335,1.0
0,0.9900990099009892,0.4316407541391224,0.0,82,0.8217821782178218,0.3951142391070166,0.5410931142333335,1.0
0,0.9900990099009892,0.4316407541391224,0.0,83,0.8316831683168316,0.4064378701983657,0.5372898279333336,1.0
0,0.9900990099009892,0.4316407541391224,0.0,84,0.8415841584158416,0.41767881011039154,0.5333942983333335,1.0
0,0.9900990099009892,0.4316407541391224,0.0,85,0.8514851485148515,0.4288333895407278,0.5294085858333336,1.0
0,0.9900990099009892,0.4316407541391224,0.0,86,0.8613861386138614,0.43989779414449304,0.5253348114333335,1.0
0,0.9900990099009892,0.4316407541391224,0.0,87,0.8712871287128713,0.4508680536150446,0.5211751567333336,1.0
0,0.9900990099009892,0.4316407541391224,0.0,88,0.8811881188118812,0.46174002995914454,0.5169318639333336,1.0
0,0.9900990099009892,0.4316407541391224,0.0,89,0.8910891089108911,0.4725094049066438,0.5126072358333336,1.0
0,0.9900990099009892,0.4316407541391224,0.0,90,0.900990099009901,0.4831716663908937,0.5082036358333335,1.0
0,0.9900990099009892,0.4316407541391224,0.0,91,0.9108910891089109,0.49372209403199596,0.5037234879333334,1.0
0,0.9900990099009892,0.4316407541391224,0.0,92,0.9207920792079208,0.5041557435507796,0.49916927673333344,1.0
0,0.9900990099009892,0.4316407541391224,0.0,93,0.9306930693069307,0.5144674300370342,0.49454354743333356,1.0
0,0.9900990099009892,0.4316407541391224,0.0,94,0.9405940594059407,0.5246517099910482,0.4898489058333334,1.0
0,0.9900990099009892,0.4316407541391224,0.0,95,0.9504950495049505,0.5347028620529729,0.4850880183333335,1.0
0,0.9900990099009892,0.4316407541391224,0.0,96,0.9603960396039604,0.5446148663299768,0.48026361193333345,1.0
0,0.9900990099009892,0.4316407541391224,0.0,97,0.9702970297029703,0.5543813822266204,0.47537847423333346,1.0
0,0.9900990099009892,0.4316407541391224,0.0,98,0.9801980198019802,0.5639957246794721,0.47043545343333343,1.0
0,0.9900990099009892,0.4316407541391224,0.0,99,0.9900990099009901,0.5734508386927734,0.46543745833333344,1.0
1,0.9900990099009892,0.3711277085407645,0.4316407541391224,0,-0.20292250562581862,-1.0665078396455454,0.46543745833333344,0.8174353691091863
1,0.9900990099009892,0.3711277085407645,0.4316407541391224,1,-0.18951246072906056,-1.048923153148416,0.47043545343333354,0.8218961245732735
1,0.9900990099009892,0.3711277085407645,0.4316407541391224,2,-0.17604332174639759,-1.0310423324971154,0.47537847423333357,0.826319356766049
1,0.9900990099009892,0.3711277085407645,0.4316407541391224,3,-0.16251770698223947,-1.0128784986215957,0.4802636119333335,0.8306991678298348
1,0.9900990099009892,0.3711277085407645,0.4316407541391224,4,-0.14893809744885872,-0.9944440844491044,0.48508801833333354,0.8350301247221525
1,0.9900990099009892,0.3711277085407645,0.4316407541391224,5,-0.135306846316912,-0.9757508822629356,0.48984890583333346,0.8393072262061454
1,0.9900990099009892,0.3711277085407645,0.4316407541391224,6,-0.12162618773543127,-0.9568100879014508,0.4945435474333335,0.8435258718272884
1,0.9900990099009892,0.3711277085407645,0.4316407541391224,7,-0.10789824505958694,-0.9376323419893039,0.4991692767333335,0.8476818328071173
1,0.9900990099009892,0.3711277085407645,0.4316407541391224,8,-0.09412503852295337,-0.9182277683849422,0.5037234879333334,0.8517712247777706
1,0.9900990099009892,0.3711277085407645,0.4316407541391224,9,-0.08030849238937612,-0.8986060100202697,0.5082036358333336,0.8557904822764951
1,0.9900990099009892,0.3711277085407645,0.4316407541391224,10,-0.066450441617854,-0.878776262299915,0.5126072358333337,0.8597363349165147
1,0.9900990099009892,0.3711277085407645,0.4316407541391224,11,-0.0525526380721624,-0.8587473042190921,0.5169318639333336,0.863605785149428
1,0.9900990099009892,0.3711277085407645,0.4316407541391224,12,-0.03861675630525743,-0.8385275273505902,0.5211751567333336,0.8673960875342974
1,0.9900990099009892,0.3711277085407645,0.4316407541391224,13,-0.02464439894684403,-0.8181249628431253,0.5253348114333335,0.8711047294295544
1,0.9900990099009892,0.3711277085407645,0.4316407541391224,14,-0.0106371017208709,-0.7975473065651688,0.5294085858333335,0.8747294130255722
1,0.9900990099009892,0.3711277085407645,0.4316407541391224,15,0.003403661881855674,-0.7768019425204993,0.5333942983333335,0.8782680386380582
1,0.9900990099009892,0.3711277085407645,0.4316407541391224,16,0.017476476252260204,-0.7558959646541332,0.5372898279333336,0.8817186891851634
1,0.9900990099009892,0.3711277085407645,0.4316407541391224,17,0.03157997961056344,-0.7348361971600132,0.5410931142333335,0.8850796157742472
1,0.9900990099009892,0.3711277085407645,0.4316407541391224,18,0.045712860231987895,-0.7136292133948731,0.5448021574333335,0.888349224327509
1,0.9900990099009892,0.3711277085407645,0.4316407541391224,19,0.059873852931083854,-0.6922813534960934,0.5484150183333335,0.8915260631790826
1,0.9900990099009892,0.3711277085407645,0.4316407541391224,20,0.07406173578641351,-0.6707987407950684,0.5519298183333335,0.8946088115796567
1,0.9900990099009892,0.3711277085407645,0.4316407541391224,21,0.0882753270885108,-0.649187297111687,0.5553447394333335,0.8975962690481496
1,0.9900990099009892,0.3711277085407645,0.4316407541391224,22,0.10251348249515382,-0.6274527570099205,0.5586580242333335,0.9004873455134141
1,0.9900990099009892,0.3711277085407645,0.4316407541391224,23,0.11677509237903827,-0.6056006810892465,0.5618679759333335,0.9032810521923278
1,0.9900990099009892,0.3711277085407645,0.4316407541391224,24,0.13105907935392608,-0.5836364683816908,0.5649729583333335,0.9059764931539199
1,0.9900990099009892,0.3711277085407645,0.4316407541391224,25,0.1453643959662697,-0.5615653679196324,0.5679713958333337,0.9085728575223805
1,0.9900990099009892,0.3711277085407645,0.4316407541391224,26,0.15969002254017756,-0.5393924895351818,0.5708617734333337,0.9110694122748668
1,0.9900990099009892,0.3711277085407645,0.4316407541391224,27,0.17403496516439468,-0.5171228139478863,0.5736426367333337,0.9134654955929762
1,0.9900990099009892,0.3711277085407645,0.4316407541391224,28,0.1883982538107259,-0.49476120219374775,0.5763125919333336,0.9157605107295674
1,0.9900990099009892,0.3711277085407645,0.4316407541391224,29,0.20277894057403084,-0.4723124044450164,0.5788703058333337,0.9179539203552969
1,0.9900990099009892,0.3711277085407645,0.4316407541391224,30,0.21717609802457172,-0.44978106826695596,0.5813145058333337,0.9200452413517884
1,0.9900990099009892,0.3711277085407645,0.4316407541391224,31,0.23158881766410122,-0.42717174635474575,0.5836439799333336,0.9220340400207656
1,0.9900990099009892,0.3711277085407645,0.4316407541391224,32,0.2460162084776376,-0.40448890379087143,0.5858575767333336,0.9239199276807715
1,0.9900990099009892,0.3711277085407645,0.4316407541391224,33,0.2604573955733933,-0.38173692486075717,0.5879542054333337,0.925702556625254
1,0.9900990099009892,0.3711277085407645,0.4316407541391224,34,0.2749115189038035,-0.35892011946198865,0.5899328358333337,0.9273816164178451
1,0.9900990099009892,0.3711277085407645,0.4316407541391224,35,0.289377732061041,-0.3360427291402659,0.5917924983333337,0.9289568305025833
1,0.9900990099009892,0.3711277085407645,0.4316407541391224,36,0.30385520114081327,-0.3131089327831813,0.5935322839333337,0.930427953108649
1,0.9900990099009892,0.3711277085407645,0.4316407541391224,37,0.318343103668606,-0.29012285200105914,0.5951513442333337,0.9317947664309005
1,0.9900990099009892,0.3711277085407645,0.4316407541391224,38,0.33284062758288535,-0.26708855622236816,0.5966488914333337,0.9330570780691124
1,0.9900990099009892,0.3711277085407645,0.4316407541391224,39,0.3473469702700754,-0.2440100675296698,0.5980241983333338,0.9342147187103542
1,0.9900990099009892,0.3711277085407645,0.4316407541391224,40,0.3618613376464177,-0.22089136526063452,0.5992765983333337,0.9352675400403921
1,0.9900990099009892,0.3711277085407645,0.4316407541391224,41,0.3763829432820718,-0.19773639039737656,0.6004054854333336,0.9362154128713646
1,0.9900990099009892,0.3711277085407645,0.4316407541391224,42,0.3909110075630496,-0.17454904976619579,0.6014103142333337,0.9370582254742893
1,0.9900990099009892,0.3711277085407645,0.4316407541391224,43,0.40544475688678167,-0.15133322006877942,0.6022905999333336,0.9377958821061912
1,0.9900990099009892,0.3711277085407645,0.4316407541391224,44,0.4199834228873009,-0.12809275176498836,0.6030459183333337,0.9384283017228253
1,0.9900990099009892,0.3711277085407645,0.4316407541391224,45,0.43452624168618703,-0.1048314728265456,0.6036759058333336,0.938955416869094
1,0.9900990099009892,0.3711277085407645,0.4316407541391224,46,0.44907245316556094,-0.08155319238023256,0.6041802594333336,0.9393771727403469
1,0.9900990099009892,0.3711277085407645,0.4316407541391224,47,0.46362130025953396,-0.05826170425859771,0.6045587367333336,0.9396935264087912
1,0.9900990099009892,0.3711277085407645,0.4316407541391224,48,0.4781720282606236,-0.03496079047567213,0.6048111559333338,0.9399044462102575
1,0.9900990099009892,0.3711277085407645,0.4316407541391224,49,0.49272388413772245,-0.011654224644781323,0.6049373958333337,0.9400099112875463
1,0.9900990099009892,0.3711277085407645,0.4316407541391224,50,0.5072761158622775,0.011654224644781296,0.6049373958333338,0.9400099112875463
1,0.9900990099009892,0.3711277085407645,0.4316407541391224,51,0.5218279717393763,0.03496079047567206,0.6048111559333338,0.9399044462102575
1,0.9900990099009892,0.3711277085407645,0.4316407541391224,52,0.536378699740466,0.05826170425859767,0.6045587367333336,0.9396935264087912
1,0.9900990099009892,0.3711277085407645,0.4316407541391224,53,0.5509275468344391,0.0815531923802327,0.6041802594333336,0.9393771727403469
1,0.9900990099009892,0.3711277085407645,0.4316407541391224,54,0.5654737583138131,0.10483147282654574,0.6036759058333336,0.938955416869094
1,0.9900990099009892,0.3711277085407645,0.4316407541391224,55,0.5800165771126992,0.12809275176498847,0.6030459183333337,0.9384283017228253
1,0.9900990099009892,0.3711277085407645,0.4316407541391224,56,0.5945552431132184,0.15133322006877953,0.6022905999333337,0.9377958821061912
1,0.9900990099009892,0.3711277085407645,0.4316407541391224,57,0.6090889924369504,0.17454904976619556,0.6014103142333339,0.9370582254742893
1,0.9900990099009892,0.3711277085407645,0.4316407541391224,58,0.6236170567179281,0.19773639039737645,0.6004054854333338,0.9362154128713647
1,0.9900990099009892,0.3711277085407645,0.4316407541391224,59,0.6381386623535823,0.2208913652606344,0.5992765983333338,0.9352675400403921
1,0.9900990099009892,0.3711277085407645,0.4316407541391224,60,0.6526530297299247,0.24401006752966986,0.5980241983333336,0.9342147187103542
1,0.9900990099009892,0.3711277085407645,0.4316407541391224,61,0.6671593724171146,0.26708855622236816,0.5966488914333337,0.9330570780691124
1,0.9900990099009892,0.3711277085407645,0.4316407541391224,62,0.6816568963313939,0.29012285200105914,0.5951513442333336,0.9317947664309006
1,0.9900990099009892,0.3711277085407645,0.4316407541391224,63,0.6961447988591868,0.3131089327831812,0.5935322839333338,0.9304279531086491
1,0.9900990099009892,0.3711277085407645,0.4316407541391224,64,0.710622267938959,0.3360427291402658,0.5917924983333337,0.9289568305025833
1,0.9900990099009892,0.3711277085407645,0.4316407541391224,65,0.7250884810961966,0.3589201194619889,0.5899328358333337,0.9273816164178451
1,0.9900990099009892,0.3711277085407645,0.4316407541391224,66,0.7395426044266068,0.3817369248607573,0.5879542054333337,0.925702556625254
1,0.9900990099009892,0.3711277085407645,0.4316407541391224,67,0.7539837915223625,0.40448890379087155,0.5858575767333336,0.9239199276807715
1,0.9900990099009892,0.3711277085407645,0.4316407541391224,68,0.7684111823358988,0.42717174635474586,0.5836439799333337,0.9220340400207657
1,0.9900990099009892,0.3711277085407645,0.4316407541391224,69,0.7828239019754284,0.44978106826695596,0.5813145058333337,0.9200452413517884
1,0.9900990099009892,0.3711277085407645,0.4316407541391224,70,0.797221059425969,0.4723124044450162,0.5788703058333337,0.917953920355297
1,0.9900990099009892,0.3711277085407645,0.4316407541391224,71,0.811601746189274,0.49476120219374753,0.5763125919333335,0.9157605107295674
1,0.9900990099009892,0.3711277085407645,0.4316407541391224,72,0.8259650348356053,0.5171228139478863,0.5736426367333336,0.9134654955929762
1,0.9900990099009892,0.3711277085407645,0.4316407541391224,73,0.8403099774598225,0.5393924895351818,0.5708617734333337,0.9110694122748668
1,0.9900990099009892,0.3711277085407645,0.4316407541391224,74,0.8546356040337303,0.5615653679196325,0.5679713958333337,0.9085728575223805
1,0.9900990099009892,0.3711277085407645,0.4316407541391224,75,0.8689409206460739,0.5836364683816908,0.5649729583333336,0.9059764931539199
1,0.9900990099009892,0.3711277085407645,0.4316407541391224,76,0.8832249076209617,0.6056006810892467,0.5618679759333336,0.9032810521923278
1,0.9900990099009892,0.3711277085407645,0.4316407541391224,77,0.8974865175048462,0.6274527570099205,0.5586580242333335,0.9004873455134141
1,0.9900990099009892,0.3711277085407645,0.4316407541391224,78,0.9117246729114892,0.6491872971116868,0.5553447394333335,0.8975962690481496
1,0.9900990099009892,0.3711277085407645,0.4316407541391224,79,0.9259382642135865,0.6707987407950683,0.5519298183333335,0.8946088115796567
1,0.9900990099009892,0.3711277085407645,0.4316407541391224,80,0.9401261470689163,0.6922813534960937,0.5484150183333334,0.8915260631790825
1,0.9900990099009892,0.3711277085407645,0.4316407541391224,81,0.9542871397680122,0.7136292133948732,0.5448021574333335,0.888349224327509
1,0.9900990099009892,0.3711277085407645,0.4316407541391224,82,0.9684200203894366,0.7348361971600132,0.5410931142333335,0.8850796157742472
1,0.9900990099009892,0.3711277085407645,0.4316407541391224,83,0.9825235237477398,0.7558959646541332,0.5372898279333336,0.8817186891851635
1,0.9900990099009892,0.3711277085407645,0.4316407541391224,84,0.9965963381181443,0.7768019425204991,0.5333942983333335,0.8782680386380582
1,0.9900990099009892,0.3711277085407645,0.4316407541391224,85,1.0106371017208708,0.7975473065651685,0.5294085858333336,0.8747294130255723
1,0.9900990099009892,0.3711277085407645,0.4316407541391224,86,1.024644398946844,0.8181249628431251,0.5253348114333335,0.8711047294295544
1,0.9900990099009892,0.3711277085407645,0.4316407541391224,87,1.0386167563052573,0.8385275273505899,0.5211751567333336,0.8673960875342974
1,0.9900990099009892,0.3711277085407645,0.4316407541391224,88,1.0525526380721624,0.8587473042190923,0.5169318639333336,0.8636057851494279
1,0.9900990099009892,0.3711277085407645,0.4316407541391224,89,1.066450441617854,0.8787762622999151,0.5126072358333336,0.8597363349165146
1,0.9900990099009892,0.3711277085407645,0.4316407541391224,90,1.080308492389376,0.8986060100202695,0.5082036358333335,0.8557904822764952
1,0.9900990099009892,0.3711277085407645,0.4316407541391224,91,1.0941250385229535,0.9182277683849425,0.5037234879333334,0.8517712247777706
1,0.9900990099009892,0.3711277085407645,0.4316407541391224,92,1.107898245059587,0.937632341989304,0.49916927673333344,0.8476818328071172
1,0.9900990099009892,0.3711277085407645,0.4316407541391224,93,1.1216261877354312,0.9568100879014508,0.49454354743333356,0.8435258718272884
1,0.9900990099009892,0.3711277085407645,0.4316407541391224,94,1.135306846316912,0.9757508822629357,0.4898489058333334,0.8393072262061454
1,0.9900990099009892,0.3711277085407645,0.4316407541391224,95,1.1489380974488588,0.9944440844491047,0.4850880183333335,0.8350301247221524
1,0.9900990099009892,0.3711277085407645,0.4316407541391224,96,1.1625177069822394,1.0128784986215955,0.48026361193333345,0.8306991678298348
1,0.9900990099009892,0.3711277085407645,0.4316407541391224,97,1.1760433217463975,1.0310423324971156,0.47537847423333346,0.826319356766049
1,0.9900990099009892,0.3711277085407645,0.4316407541391224,98,1.1895124607290606,1.0489231531484162,0.47043545343333343,0.8218961245732734
1,0.9900990099009892,0.3711277085407645,0.4316407541391224,99,1.2029225056258186,1.0665078396455454,0.46543745833333344,0.8174353691091863
2,1.4181128693205982,0.45778315641531453,0.8027684626798869,0,-0.6911518308004345,-1.429222586403963,0.3243704579741091,0.5787432670869547
2,1.4181128693205982,0.45778315641531453,0.8027684626798869,1,-0.6696918126144468,-1.4071058059838994,0.32765408696467413,0.5875822057302358
2,1.4181128693205982,0.45778315641531453,0.8027684626798869,2,-0.6480371351147354,-1.3845224707479584,0.3309178642474161,0.5964218920492892
2,1.4181128693205982,0.45778315641531453,0.8027684626798869,3,-0.6261964231464384,-1.361488465255181,0.33415896184090876,0.60524832514706
2,1.4181128693205982,0.45778315641531453,0.8027684626798869,4,-0.6041778493065073,-1.3380191582586423,0.33737460329850705,0.6140480801009376
2,1.4181128693205982,0.45778315641531453,0.8027684626798869,5,-0.5819891650742666,-1.3141294278741913,0.34056206398093314,0.6228082925666354
2,1.4181128693205982,0.45778315641531453,0.8027684626798869,6,-0.559637729864972,-1.2898336856073662,0.3437186713228232,0.6315166431783238
2,1.4181128693205982,0.45778315641531453,0.8027684626798869,7,-0.5371305381325341,-1.2651458993027358,0.34684180509734724,0.6401613418029557
2,1.4181128693205982,0.45778315641531453,0.8027684626798869,8,-0.5144742446424025,-1.2400796150731483,0.349928897682296,0.6487311117084007
2,1.4181128693205982,0.45778315641531453,0.8027684626798869,9,-0.4916751880302269,-1.2146479782606832,0.35297743433037654,0.6572151737049301
2,1.4181128693205982,0.45778315641531453,0.8027684626798869,10,-0.4687394127563615,-1.188863753476309,0.35598495344587094,0.6656032303181676
2,1.4181128693205982,0.45778315641531453,0.8027684626798869,11,-0.4456726895607207,-1.162739343761266,0.3589490468692818,0.6738854500491256
2,1.4181128693205982,0.45778315641531453,0.8027684626798869,12,-0.42248053451693957,-1.1362868089098632,0.3618673601711153,0.6820524517736927
2,1.4181128693205982,0.45778315641531453,0.8027684626798869,13,-0.39916822677933184,-1.1095178829905903,0.3647375929555355,0.6900952893301349
2,1.4181128693205982,0.45778315641531453,0.8027684626798869,14,-0.37574082511080636,-1.0824439911001424,0.3675574991742547,0.6980054363390347
2,1.4181128693205982,0.45778315641531453,0.8027684626798869,15,-0.3522031832747262,-1.0550762653830017,0.3703248874507046,0.7057747712957592
2,1.4181128693205982,0.45778315641531453,0.8027684626798869,16,-0.32855996436870794,-1.0274255603475961,0.37303762141425273,0.7133955629711778
2,1.4181128693205982,0.45778315641531453,0.8027684626798869,17,-0.3048156541735738,-0.9995024675086716,0.3756936200439926,0.720860456152005
2,1.4181128693205982,0.45778315641531453,0.8027684626798869,18,-0.2809745735860952,-0.9713173293843272,0.3782908580214324,0.728162457747953
2,1.4181128693205982,0.45778315641531453,0.8027684626798869,19,-0.2570408901998239,-0.9428802528751519,0.3808273660912356,0.7352949232888477
2,1.4181128693205982,0.45778315641531453,0.8027684626798869,20,-0.23301862909417131,-0.9142011220519797,0.38330123142902767,0.7422515438310864
2,1.4181128693205982,0.45778315641531453,0.8027684626798869,21,-0.20891168288800385,-0.8852896103780059,0.3857105980151687,0.7490263332892739
2,1.4181128693205982,0.45778315641531453,0.8027684626798869,22,-0.18472382111033894,-0.856155192390259,0.3880536670133005,0.7556136162056363
2,1.4181128693205982,0.45778315641531453,0.8027684626798869,23,-0.16045869893726128,-0.8268071548647626,0.390328697152408,0.7620080159668317
2,1.4181128693205982,0.45778315641531453,0.8027684626798869,24,-0.13611986534093123,-0.7972546074891037,0.39253400511108055,0.768204443475108
2,1.4181128693205982,0.45778315641531453,0.8027684626798869,25,-0.11171077069350704,-0.7675064930655169,0.394667965902632,0.7741980862783591
2,1.4181128693205982,0.45778315641531453,0.8027684626798869,26,-0.08723477386595249,-0.7375715972670478,0.39672901325970766,0.7799843981615063
2,1.4181128693205982,0.45778315641531453,0.8027684626798869,27,-0.06269514885903815,-0.7074585579687972,0.39871564001700976,0.7855590891997822
2,1.4181128693205982,0.45778315641531453,0.8027684626798869,28,-0.0380950910013636,-0.6771758741757306,0.40062639849077,0.7909181162728774
2,1.4181128693205982,0.45778315641531453,0.8027684626798869,29,-0.013437722746915376,-0.6467319145680177,0.4024599008536137,0.7960576740375408
2,1.4181128693205982,0.45778315641531453,0.8027684626798869,30,0.011273900897472544,-0.6161349256843622,0.4042148195034845,0.8009741863550721
2,1.4181128693205982,0.45778315641531453,0.8027684626798869,31,0.03603678728638357,-0.5853930397632932,0.4058898874253239,0.8056642981691836
2,1.4181128693205982,0.45778315641531453,0.8027684626798869,32,0.06084800136528201,-0.5545142822619087,0.4074838985442388,0.8101248678289495
2,1.4181128693205982,0.45778315641531453,0.8027684626798869,33,0.08570466119036016,-0.523506579071095,0.4089957080689303,0.814352959850957
2,1.4181128693205982,0.45778315641531453,0.8027684626798869,34,0.11060393371553257,-0.4923777634457857,0.4104242328242022,0.8183458381143336
2,1.4181128693205982,0.45778315641531453,0.8027684626798869,35,0.1355430308247935,-0.4611355826683917,0.4117684515714174,0.8221009594820208
2,1.4181128693205982,0.45778315641531453,0.8027684626798869,36,0.16051920558949798,-0.42978770446309644,0.41302740531582327,0.8256159678414855
2,1.4181128693205982,0.45778315641531453,0.8027684626798869,37,0.185529748731348,-0.39834172317831446,0.41420019759972304,0.8288886885579956
2,1.4181128693205982,0.45778315641531453,0.8027684626798869,38,0.21057198527300047,-0.36680516575420363,0.4152859947805252,0.8319171233336247
2,1.4181128693205982,0.45778315641531453,0.8027684626798869,39,0.23564327135922908,-0.3351854974917652,0.4162840262927665,0.8346994454652701
2,1.4181128693205982,0.45778315641531453,0.8027684626798869,40,0.26074099123251626,-0.3034901276396996,0.417193584893261,0.83723399549518
2,1.4181128693205982,0.45778315641531453,0.8027684626798869,41,0.28586255434778984,-0.27172641481486437,0.41801402688859324,0.8395192772477517
2,1.4181128693205982,0.45778315641531453,0.8027684626798869,42,0.31100539261178667,-0.23990167227186454,0.41874477234423413,0.841553954246705
2,1.4181128693205982,0.45778315641531453,0.8027684626798869,43,0.3361669577332024,-0.20802317303703058,0.41938530527462325,0.8433368465071162
2,1.4181128693205982,0.45778315641531453,0.8027684626798869,44,0.3613447186704012,-0.17609815492176595,0.41993517381362705,0.8448669276972387
2,1.4181128693205982,0.45778315641531453,0.8027684626798869,45,0.3865361591639847,-0.14413382543002393,0.42039399036484276,0.8461433226655045
2,1.4181128693205982,0.45778315641531453,0.8027684626798869,46,0.4117387753419927,-0.1121373665744539,0.4207614317312917,0.8471653053286133
2,1.4181128693205982,0.45778315641531453,0.8027684626798869,47,0.43695007338589753,-0.08011593961558389,0.4210372392240997,0.847932296917146
2,1.4181128693205982,0.45778315641531453,0.8027684626798869,48,0.46216756724589597,-0.04807668973824099,0.4212212187498399,0.8484438645757053
2,1.4181128693205982,0.45778315641531453,0.8027684626798869,49,0.4873887763942613,-0.016026750679295838,0.42131324087627076,0.8486997203151594
2,1.4181128693205982,0.45778315641531453,0.8027684626798869,50,0.5126112236057386,0.016026750679295772,0.4213132408762707,0.8486997203151594
2,1.4181128693205982,0.45778315641531453,0.8027684626798869,51,0.537832432754104,0.04807668973824088,0.42122121874984,0.8484438645757053
2,1.4181128693205982,0.45778315641531453,0.8027684626798869,52,0.5630499266141025,0.08011593961558383,0.42103723922409975,0.847932296917146
2,1.4181128693205982,0.45778315641531453,0.8027684626798869,53,0.5882612246580075,0.11213736657445408,0.4207614317312917,0.8471653053286133
2,1.4181128693205982,0.45778315641531453,0.8027684626798869,54,0.6134638408360155,0.14413382543002412,0.4203939903648427,0.8461433226655045
2,1.4181128693205982,0.45778315641531453,0.8027684626798869,55,0.6386552813295989,0.17609815492176611,0.41993517381362694,0.8448669276972386
2,1.4181128693205982,0.45778315641531453,0.8027684626798869,56,0.6638330422667977,0.2080231730370307,0.4193853052746233,0.8433368465071162
2,1.4181128693205982,0.45778315641531453,0.8027684626798869,57,0.6889946073882132,0.23990167227186426,0.4187447723442342,0.841553954246705
2,1.4181128693205982,0.45778315641531453,0.8027684626798869,58,0.71413744565221,0.27172641481486415,0.4180140268885932,0.8395192772477518
2,1.4181128693205982,0.45778315641531453,0.8027684626798869,59,0.7392590087674836,0.3034901276396995,0.417193584893261,0.83723399549518
2,1.4181128693205982,0.45778315641531453,0.8027684626798869,60,0.764356728640771,0.33518549749176524,0.41628402629276656,0.8346994454652701
2,1.4181128693205982,0.45778315641531453,0.8027684626798869,61,0.7894280147269995,0.36680516575420363,0.41528599478052525,0.8319171233336247
2,1.4181128693205982,0.45778315641531453,0.8027684626798869,62,0.8144702512686519,0.3983417231783144,0.41420019759972304,0.8288886885579957
2,1.4181128693205982,0.45778315641531453,0.8027684626798869,63,0.839480794410502,0.4297877044630964,0.41302740531582327,0.8256159678414855
2,1.4181128693205982,0.45778315641531453,0.8027684626798869,64,0.8644569691752064,0.4611355826683916,0.41176845157141734,0.8221009594820209
2,1.4181128693205982,0.45778315641531453,0.8027684626798869,65,0.8893960662844677,0.4923777634457859,0.4104242328242023,0.8183458381143336
2,1.4181128693205982,0.45778315641531453,0.8027684626798869,66,0.91429533880964,0.5235065790710951,0.4089957080689303,0.814352959850957
2,1.4181128693205982,0.45778315641531453,0.8027684626798869,67,0.9391519986347181,0.5545142822619088,0.4074838985442389,0.8101248678289495
2,1.4181128693205982,0.45778315641531453,0.8027684626798869,68,0.9639632127136164,0.5853930397632933,0.4058898874253239,0.8056642981691837
2,1.4181128693205982,0.45778315641531453,0.8027684626798869,69,0.9887260991025275,0.6161349256843623,0.4042148195034845,0.8009741863550721
2,1.4181128693205982,0.45778315641531453,0.8027684626798869,70,1.0134377227469151,0.6467319145680175,0.4024599008536138,0.7960576740375409
2,1.4181128693205982,0.45778315641531453,0.8027684626798869,71,1.0380950910013635,0.6771758741757303,0.40062639849077003,0.7909181162728774
2,1.4181128693205982,0.45778315641531453,0.8027684626798869,72,1.0626951488590382,0.7074585579687972,0.3987156400170097,0.7855590891997821
2,1.4181128693205982,0.45778315641531453,0.8027684626798869,73,1.0872347738659525,0.7375715972670478,0.3967290132597076,0.7799843981615062
2,1.4181128693205982,0.45778315641531453,0.8027684626798869,74,1.1117107706935072,0.767506493065517,0.3946679659026319,0.7741980862783591
2,1.4181128693205982,0.45778315641531453,0.8027684626798869,75,1.1361198653409312,0.7972546074891037,0.39253400511108055,0.768204443475108
2,1.4181128693205982,0.45778315641531453,0.8027684626798869,76,1.1604586989372614,0.8268071548647629,0.3903286971524079,0.7620080159668317
2,1.4181128693205982,0.45778315641531453,0.8027684626798869,77,1.184723821110339,0.856155192390259,0.3880536670133005,0.7556136162056362
2,1.4181128693205982,0.45778315641531453,0.8027684626798869,78,1.2089116828880038,0.8852896103780057,0.38571059801516866,0.7490263332892739
2,1.4181128693205982,0.45778315641531453,0.8027684626798869,79,1.2330186290941714,0.9142011220519795,0.3833012314290277,0.7422515438310864
2,1.4181128693205982,0.45778315641531453,0.8027684626798869,80,1.2570408901998242,0.9428802528751521,0.38082736609123563,0.7352949232888477
2,1.4181128693205982,0.45778315641531453,0.8027684626798869,81,1.2809745735860951,0.9713173293843274,0.3782908580214324,0.7281624577479529
2,1.4181128693205982,0.45778315641531453,0.8027684626798869,82,1.3048156541735738,0.9995024675086717,0.3756936200439924,0.7208604561520049
2,1.4181128693205982,0.45778315641531453,0.8027684626798869,83,1.3285599643687078,1.0274255603475961,0.3730376214142527,0.7133955629711779
2,1.4181128693205982,0.45778315641531453,0.8027684626798869,84,1.352203183274726,1.0550762653830015,0.3703248874507047,0.7057747712957594
2,1.4181128693205982,0.45778315641531453,0.8027684626798869,85,1.3757408251108063,1.082443991100142,0.36755749917425473,0.6980054363390348
2,1.4181128693205982,0.45778315641531453,0.8027684626798869,86,1.3991682267793317,1.1095178829905898,0.3647375929555355,0.690095289330135
2,1.4181128693205982,0.45778315641531453,0.8027684626798869,87,1.4224805345169393,1.1362868089098628,0.36186736017111526,0.6820524517736927
2,1.4181128693205982,0.45778315641531453,0.8027684626798869,88,1.4456726895607208,1.1627393437612663,0.3589490468692818,0.6738854500491254
2,1.4181128693205982,0.45778315641531453,0.8027684626798869,89,1.4687394127563616,1.188863753476309,0.35598495344587094,0.6656032303181674
2,1.4181128693205982,0.45778315641531453,0.8027684626798869,90,1.4916751880302268,1.214647978260683,0.35297743433037654,0.6572151737049302
2,1.4181128693205982,0.45778315641531453,0.8027684626798869,91,1.5144742446424029,1.2400796150731486,0.34992889768229607,0.6487311117084006
2,1.4181128693205982,0.45778315641531453,0.8027684626798869,92,1.5371305381325342,1.2651458993027358,0.34684180509734724,0.6401613418029556
2,1.4181128693205982,0.45778315641531453,0.8027684626798869,93,1.559637729864972,1.2898336856073662,0.3437186713228231,0.6315166431783238
2,1.4181128693205982,0.45778315641531453,0.8027684626798869,94,1.5819891650742668,1.3141294278741915,0.3405620639809331,0.6228082925666353
2,1.4181128693205982,0.45778315641531453,0.8027684626798869,95,1.6041778493065075,1.3380191582586425,0.3373746032985071,0.6140480801009374
2,1.4181128693205982,0.45778315641531453,0.8027684626798869,96,1.6261964231464383,1.361488465255181,0.3341589618409087,0.60524832514706
2,1.4181128693205982,0.45778315641531453,0.8027684626798869,97,1.6480371351147354,1.3845224707479586,0.3309178642474161,0.5964218920492892
2,1.4181128693205982,0.45778315641531453,0.8027684626798869,98,1.6696918126144469,1.4071058059838997,0.3276540869646741,0.5875822057302357
2,1.4181128693205982,0.45778315641531453,0.8027684626798869,99,1.6911518308004345,1.4292225864039632,0.32437045797410907,0.5787432670869547
3,2.400001250761367,0.7087843449051371,1.2605516190952013,0,-1.7041624254283931,-1.6855181411727813,0.19133315580638616,0.3715111735844069
3,2.400001250761367,0.7087843449051371,1.2605516190952013,1,-1.6670263795209599,-1.6616590002972211,0.1931591068530129,0.3818178629290352
3,2.400001250761367,0.7087843449051371,1.2605516190952013,2,-1.629364987550269,-1.6371633122708895,0.1949834755711838,0.3922628413779663
3,2.400001250761367,0.7087843449051371,1.2605516190952013,3,-1.5911981330882323,-1.612045249493997,0.19680416209358256,0.40282858893683904
3,2.400001250761367,0.7087843449051371,1.2605516190952013,4,-1.552544881863382,-1.5863189449362882,0.19861910321321466,0.4134974336394537
3,2.400001250761367,0.7087843449051371,1.2605516190952013,5,-1.5134235307306378,-1.559998493430889,0.20042627222681555,0.42425159209737306
3,2.400001250761367,0.7087843449051371,1.2605516190952013,6,-1.4738516537547675,-1.5330979521220542,0.20222367884826048,0.4350732099086537
3,2.400001250761367,0.7087843449051371,1.2605516190952013,7,-1.4338461455792442,-1.5056313402462287,0.20400936918656104,0.44594440155809023
3,2.400001250761367,0.7087843449051371,1.2605516190952013,8,-1.3934232622422384,-1.477612638402984,0.205781425783514,0.45684728949892994
3,2.400001250761367,0.7087843449051371,1.2605516190952013,9,-1.3525986595920743,-1.4490557874513892,0.20753796770645944,0.46776404215901735
3,2.400001250761367,0.7087843449051371,1.2605516190952013,10,-1.3113874294455294,-1.41997468714817,0.2092771506919224,0.47867691066269835
3,2.400001250761367,0.7087843449051371,1.2605516190952013,11,-1.2698041336239787,-1.3903831946266083,0.2109971673361717,0.4895682641035356
3,2.400001250761367,0.7087843449051371,1.2605516190952013,12,-1.2278628359944657,-1.3602951227994695,0.21269624732894168,0.5004206232420704
3,2.400001250761367,0.7087843449051371,1.2605516190952013,13,-1.185577132635352,-1.3297242387552286,0.21437265772673644,0.5112166925376592
3,2.400001250761367,0.7087843449051371,1.2605516190952013,14,-1.1429601802392229,-1.2986842622044268,0.21602470326228382,0.5219393904540323
3,2.400001250761367,0.7087843449051371,1.2605516190952013,15,-1.1000247228591755,-1.267188864022018,0.21765072668682955,0.5325718780048982
3,2.400001250761367,0.7087843449051371,1.2605516190952013,16,-1.0567831170984723,-1.2352516649219571,0.21924910914207021,0.5430975855289439
3,2.400001250761367,0.7087843449051371,1.2605516190952013,17,-1.0132473558377757,-1.2028862342919302,0.2208182705586182,0.5535002377032008
3,2.400001250761367,0.7087843449051371,1.2605516190952013,18,-0.9694290905887728,-1.1701060892089161,0.22235667007797927,0.5637638768202956
3,2.400001250761367,0.7087843449051371,1.2605516190952013,19,-0.9253396525579284,-1.1369246936501154,0.2238628064951039,0.5738728843688297
3,2.400001250761367,0.7087843449051371,1.2605516190952013,20,-0.8809900724993249,-1.103355457908536,0.22533521871865075,0.5838120009673387
3,2.400001250761367,0.7087843449051371,1.2605516190952013,21,-0.8363910994311029,-1.0694117382181478,0.22677248624617402,0.5935663447112277
3,2.400001250761367,0.7087843449051371,1.2605516190952013,22,-0.7915532182858002,-1.0351068365898624,0.22817322965152287,0.6031214279990311
3,2.400001250761367,0.7087843449051371,1.2605516190952013,23,-0.7464866665609623,-1.0004540008566032,0.22953611108181307,0.612463172909532
3,2.400001250761367,0.7087843449051371,1.2605516190952013,24,-0.7012014500326978,-0.9654664249233258,0.230859834761405,0.6215779252049257
3,2.400001250761367,0.7087843449051371,1.2605516190952013,25,-0.6557073575913885,-0.9301572492159216,0.23214314750040185,0.6304524670375434
3,2.400001250761367,0.7087843449051371,1.2605516190952013,26,-0.6100139752555125,-0.8945395613214747,0.23338483920525263,0.6390740284388192
3,2.400001250761367,0.7087843449051371,1.2605516190952013,27,-0.564130699416485,-0.8586263968112319,0.23458374338912952,0.6474302976694011
3,2.400001250761367,0.7087843449051371,1.2605516190952013,28,-0.5180667493645723,-0.8224307402368594,0.23573873767982448,0.6555094305086828
3,2.400001250761367,0.7087843449051371,1.2605516190952013,29,-0.4718311791432529,-0.7859655262900521,0.23684874432299555,0.6633000585607348
3,2.400001250761367,0.7087843449051371,1.2605516190952013,30,-0.42543288877689345,-0.7492436411152615,0.23791273067867252,0.6707912966517505
3,2.400001250761367,0.7087843449051371,1.2605516190952013,31,-0.37888063491426904,-0.7122779237652105,0.2389297097090214,0.6779727493917915
3,2.400001250761367,0.7087843449051371,1.2605516190952013,32,-0.3321830409282672,-0.6750811677889129,0.2398987404554475,0.6848345169709282
3,2.400001250761367,0.7087843449051371,1.2605516190952013,33,-0.2853486065100752,-0.6376661229420846,0.24081892850320952,0.6913672002568874
3,2.400001250761367,0.7087843449051371,1.2605516190952013,34,-0.2383857167942452,-0.6000454970100979,0.24168942643180055,0.6975619052581219
3,2.400001250761367,0.7087843449051371,1.2605516190952013,35,-0.19130265104927122,-0.5622319577339802,0.2425094342494444,0.7034102470128525
3,2.400001250761367,0.7087843449051371,1.2605516190952013,36,-0.1441075909666605,-0.52423813483034,0.24327819981014412,0.7089043529611622
3,2.400001250761367,0.7087843449051371,1.2605516190952013,37,-0.09680862857997705,-0.486076622096551,0.24399501921180874,0.7140368658536761
3,2.400001250761367,0.7087843449051371,1.2605516190952013,38,-0.04941377384391299,-0.4477599795929591,0.24465923717407828,0.7188009462467808
3,2.400001250761367,0.7087843449051371,1.2605516190952013,39,-0.0019309619021741775,-0.40930073589436167,0.2452702473945559,0.7231902746307411
3,2.400001250761367,0.7087843449051371,1.2605516190952013,40,0.04563193992823533,-0.3707113904034568,0.24582749288224848,0.7271990532334915
3,2.400001250761367,0.7087843449051371,1.2605516190952013,41,0.09326712542981466,-0.3320044157194238,0.24633046626710906,0.7308220075393218
3,2.400001250761367,0.7087843449051371,1.2605516190952013,42,0.14096684298892628,-0.29319226005522897,0.24677871008466692,0.734054387558161
3,2.400001250761367,0.7087843449051371,1.2605516190952013,43,0.18872338930706267,-0.25428734969767375,0.24717181703482266,0.7368919688776886
3,2.400001250761367,0.7087843449051371,1.2605516190952013,44,0.23652910329517396,-0.2153020915045795,0.24750943021397762,0.7393310535270861
3,2.400001250761367,0.7087843449051371,1.2605516190952013,45,0.2843763601278938,-0.1762488754338713,0.2477912433197613,0.7413684706778698
3,2.400001250761367,0.7087843449051371,1.2605516190952013,46,0.3322575654351312,-0.13714007709963366,0.24801700082770975,0.7430015772039358
3,2.400001250761367,0.7087843449051371,1.2605516190952013,47,0.3801651496090064,-0.09798806035050311,0.2481864981393428,0.7442282581196757
3,2.400001250761367,0.7087843449051371,1.2605516190952013,48,0.4280915622045693,-0.05880517986599468,0.2482995817011787,0.745046926911813
3,2.400001250761367,0.7087843449051371,1.2605516190952013,49,0.47602926641307863,-0.019603783766573825,0.2483561490943176,0.7454565257774166
3,2.400001250761367,0.7087843449051371,1.2605516190952013,50,0.5239707335869213,0.019603783766573745,0.24835614909431764,0.7454565257774166
3,2.400001250761367,0.7087843449051371,1.2605516190952013,51,0.5719084377954305,0.05880517986599455,0.24829958170117872,0.745046926911813
3,2.400001250761367,0.7087843449051371,1.2605516190952013,52,0.6198348503909936,0.09798806035050306,0.2481864981393428,0.7442282581196757
3,2.400001250761367,0.7087843449051371,1.2605516190952013,53,0.6677424345648691,0.1371400770996339,0.24801700082770972,0.7430015772039357
3,2.400001250761367,0.7087843449051371,1.2605516190952013,54,0.7156236398721065,0.17624887543387158,0.2477912433197613,0.7413684706778698
3,2.400001250761367,0.7087843449051371,1.2605516190952013,55,0.7634708967048263,0.21530209150457968,0.2475094302139776,0.739331053527086
3,2.400001250761367,0.7087843449051371,1.2605516190952013,56,0.8112766106929375,0.2542873496976739,0.2471718170348227,0.7368919688776886
3,2.400001250761367,0.7087843449051371,1.2605516190952013,57,0.8590331570110734,0.29319226005522864,0.24677871008466695,0.734054387558161
3,2.400001250761367,0.7087843449051371,1.2605516190952013,58,0.906732874570185,0.3320044157194235,0.24633046626710906,0.7308220075393219
3,2.400001250761367,0.7087843449051371,1.2605516190952013,59,0.9543680600717644,0.37071139040345663,0.24582749288224848,0.7271990532334915
3,2.400001250761367,0.7087843449051371,1.2605516190952013,60,1.0019309619021743,0.4093007358943618,0.2452702473945559,0.7231902746307411
3,2.400001250761367,0.7087843449051371,1.2605516190952013,61,1.0494137738439129,0.4477599795929591,0.2446592371740783,0.7188009462467808
3,2.400001250761367,0.7087843449051371,1.2605516190952013,62,1.096808628579977,0.48607662209655095,0.24399501921180872,0.7140368658536761
3,2.400001250761367,0.7087843449051371,1.2605516190952013,63,1.1441075909666605,0.52423813483034,0.24327819981014417,0.7089043529611623
3,2.400001250761367,0.7087843449051371,1.2605516190952013,64,1.191302651049271,0.56223195773398,0.24250943424944443,0.7034102470128526
3,2.400001250761367,0.7087843449051371,1.2605516190952013,65,1.2383857167942456,0.6000454970100981,0.24168942643180052,0.6975619052581219
3,2.400001250761367,0.7087843449051371,1.2605516190952013,66,1.2853486065100754,0.6376661229420848,0.2408189285032095,0.6913672002568874
3,2.400001250761367,0.7087843449051371,1.2605516190952013,67,1.3321830409282673,0.6750811677889131,0.23989874045544754,0.6848345169709281
3,2.400001250761367,0.7087843449051371,1.2605516190952013,68,1.378880634914269,0.7122779237652106,0.2389297097090214,0.6779727493917916
3,2.400001250761367,0.7087843449051371,1.2605516190952013,69,1.4254328887768937,0.7492436411152616,0.23791273067867255,0.6707912966517505
3,2.400001250761367,0.7087843449051371,1.2605516190952013,70,1.4718311791432526,0.7859655262900519,0.23684874432299555,0.6633000585607349
3,2.400001250761367,0.7087843449051371,1.2605516190952013,71,1.518066749364572,0.8224307402368591,0.2357387376798245,0.6555094305086829
3,2.400001250761367,0.7087843449051371,1.2605516190952013,72,1.564130699416485,0.8586263968112319,0.23458374338912952,0.647430297669401
3,2.400001250761367,0.7087843449051371,1.2605516190952013,73,1.6100139752555125,0.8945395613214747,0.23338483920525263,0.6390740284388192
3,2.400001250761367,0.7087843449051371,1.2605516190952013,74,1.6557073575913888,0.9301572492159217,0.23214314750040183,0.6304524670375433
3,2.400001250761367,0.7087843449051371,1.2605516190952013,75,1.701201450032698,0.9654664249233258,0.23085983476140504,0.6215779252049257
3,2.400001250761367,0.7087843449051371,1.2605516190952013,76,1.7464866665609624,1.0004540008566034,0.229536111081813,0.6124631729095319
3,2.400001250761367,0.7087843449051371,1.2605516190952013,77,1.7915532182858003,1.0351068365898624,0.2281732296515229,0.603121427999031
3,2.400001250761367,0.7087843449051371,1.2605516190952013,78,1.8363910994311026,1.0694117382181476,0.226772486246174,0.5935663447112277
3,2.400001250761367,0.7087843449051371,1.2605516190952013,79,1.880990072499325,1.1033554579085358,0.22533521871865075,0.5838120009673389
3,2.400001250761367,0.7087843449051371,1.2605516190952013,80,1.925339652557929,1.1369246936501156,0.22386280649510393,0.5738728843688297
3,2.400001250761367,0.7087843449051371,1.2605516190952013,81,1.9694290905887728,1.1701060892089161,0.22235667007797924,0.5637638768202955
3,2.400001250761367,0.7087843449051371,1.2605516190952013,82,2.013247355837776,1.2028862342919304,0.22081827055861825,0.5535002377032007
3,2.400001250761367,0.7087843449051371,1.2605516190952013,83,2.056783117098472,1.2352516649219571,0.21924910914207024,0.543097585528944
3,2.400001250761367,0.7087843449051371,1.2605516190952013,84,2.1000247228591755,1.2671888640220177,0.21765072668682955,0.5325718780048984
3,2.400001250761367,0.7087843449051371,1.2605516190952013,85,2.1429601802392226,1.2986842622044263,0.21602470326228382,0.5219393904540324
3,2.400001250761367,0.7087843449051371,1.2605516190952013,86,2.1855771326353515,1.3297242387552282,0.21437265772673644,0.5112166925376593
3,2.400001250761367,0.7087843449051371,1.2605516190952013,87,2.227862835994465,1.360295122799469,0.2126962473289417,0.5004206232420705
3,2.400001250761367,0.7087843449051371,1.2605516190952013,88,2.269804133623979,1.3903831946266085,0.21099716733617171,0.4895682641035354
3,2.400001250761367,0.7087843449051371,1.2605516190952013,89,2.3113874294455297,1.41997468714817,0.20927715069192235,0.4786769106626982
3,2.400001250761367,0.7087843449051371,1.2605516190952013,90,2.3525986595920743,1.449055787451389,0.20753796770645944,0.46776404215901746
3,2.400001250761367,0.7087843449051371,1.2605516190952013,91,2.393423262242239,1.4776126384029842,0.20578142578351397,0.4568472894989297
3,2.400001250761367,0.7087843449051371,1.2605516190952013,92,2.433846145579244,1.5056313402462287,0.20400936918656098,0.44594440155809
3,2.400001250761367,0.7087843449051371,1.2605516190952013,93,2.4738516537547675,1.533097952122054,0.20222367884826054,0.4350732099086537
3,2.400001250761367,0.7087843449051371,1.2605516190952013,94,2.513423530730638,1.5599984934308893,0.20042627222681555,0.42425159209737295
3,2.400001250761367,0.7087843449051371,1.2605516190952013,95,2.5525448818633825,1.5863189449362884,0.1986191032132147,0.4134974336394535
3,2.400001250761367,0.7087843449051371,1.2605516190952013,96,2.5911981330882323,1.612045249493997,0.19680416209358256,0.40282858893683904
3,2.400001250761367,0.7087843449051371,1.2605516190952013,97,2.629364987550269,1.6371633122708897,0.19498347557118378,0.3922628413779662
3,2.400001250761367,0.7087843449051371,1.2605516190952013,98,2.6670263795209603,1.6616590002972214,0.19315910685301294,0.3818178629290351
3,2.400001250761367,0.7087843449051371,1.2605516190952013,99,2.704162425428393,1.6855181411727815,0.19133315580638613,0.3715111735844068
4,4.434655475497809,1.241650457296472,1.9693359640003383,0,-3.7969867961970762,-1.8627596146152179,0.10334084713353864,0.2226944646357354
4,4.434655475497809,1.241650457296472,1.9693359640003383,1,-3.730226037110803,-1.8387168221631598,0.10426101058842,0.23193502014283335
4,4.434655475497809,1.241650457296472,1.9693359640003383,2,-3.6621495629004257,-1.8139144431165224,0.10518557420469248,0.24144638372015467
4,4.434655475497809,1.241650457296472,1.9693359640003383,3,-3.5927948543050587,-1.7883609311602657,0.10611328796257304,0.25121655909781637
4,4.434655475497809,1.241650457296472,1.9693359640003383,4,-3.5221985252615813,-1.7620650938431333,0.10704291213486916,0.2612324171728315
4,4.434655475497809,1.241650457296472,1.9693359640003383,5,-3.4503963734809084,-1.7350361066692805,0.10797321773157775,0.2714797225807498
4,4.434655475497809,1.241650457296472,1.9693359640003383,6,-3.377423427087401,-1.7072835242006694,0.10890298700793728,0.28194316785211015
4,4.434655475497809,1.241650457296472,1.9693359640003383,7,-3.3033139877158737,-1.6788172883669328,0.10983101402778647,0.2926064145661569
4,4.434655475497809,1.241650457296472,1.9693359640003383,8,-3.22810167042235,-1.6496477341825964,0.110756105274928,0.303452140891668
4,4.434655475497809,1.241650457296472,1.9693359640003383,9,-3.1518194407291906,-1.6197855930726117,0.11167708030594276,0.31446209489094545
4,4.434655475497809,1.241650457296472,1.9693359640003383,10,-3.0744996490924694,-1.589241994006215,0.11259277243855821,0.32561715295748017
4,4.434655475497809,1.241650457296472,1.9693359640003383,11,-2.9961740630494367,-1.5580284626363126,0.1135020294702509,0.3368973827598398
4,4.434655475497809,1.241650457296472,1.9693359640003383,12,-2.9168738972765875,-1.5261569186371395,0.11440371442227006,0.34828211007316257
4,4.434655475497809,1.241650457296472,1.9693359640003383,13,-2.8366298417639846,-1.4936396714270048,0.11529670630470987,0.3597499888944357
4,4.434655475497809,1.241650457296472,1.9693359640003383,14,-2.7554720882890806,-1.460489414455768,0.11617990089864512,0.37127907425764034
4,4.434655475497809,1.241650457296472,1.9693359640003383,15,-2.673430355353111,-1.426719218228517,0.1170522115516804,0.38284689718899456
4,4.434655475497809,1.241650457296472,1.9693359640003383,16,-2.590533911725049,-1.392342522227916,0.11791256998355687,0.39443054127010324
4,4.434655475497809,1.241650457296472,1.9693359640003383,17,-2.506811598721982,-1.357373125888105,0.11875992709871547,0.40600672030702234
4,4.434655475497809,1.241650457296472,1.9693359640003383,18,-2.42229185134041,-1.3218251787630155,0.11959325380294043,0.4175518566353563
4,4.434655475497809,1.241650457296472,1.9693359640003383,19,-2.3370027183402455,-1.2857131700217184,0.12041154182139978,0.4290421596248377
4,4.434655475497809,1.241650457296472,1.9693359640003383,20,-2.250971881372017,-1.249051917393062,0.12121380451557281,0.4404537039808084
4,4.434655475497809,1.241650457296472,1.9693359640003383,21,-2.164226673227881,-1.2118565556715573,0.1219990776967048,0.45176250747407454
4,4.434655475497809,1.241650457296472,1.9693359640003383,22,-2.076794095288307,-1.1741425248863069,0.12276642043356206,0.46294460776431334
4,4.434655475497809,1.241650457296472,1.9693359640003383,23,-1.9887008342286485,-1.1359255582248702,0.12351491585238052,0.4739761380151517
4,4.434655475497809,1.241650457296472,1.9693359640003383,24,-1.8999732780431353,-1.0972216697943769,0.1242436719270076,0.4848334010308965
4,4.434655475497809,1.241650457296472,1.9693359640003383,25,-1.810637531437966,-1.058047142293013,0.12495182225733374,0.49549294167542446
4,4.434655475497809,1.241650457296472,1.9693359640003383,26,-1.720719430640107,-1.0184185146562466,0.1256385268341984,0.5059316173626968
4,4.434655475497809,1.241650457296472,1.9693359640003383,27,-1.630244557663973,-0.9783525697338785,0.12630297278903793,0.5161266664356305
4,4.434655475497809,1.241650457296472,1.9693359640003383,28,-1.5392382540743446,-0.9378663220462133,0.12694437512661821,0.5260557742754928
4,4.434655475497809,1.241650457296472,1.9693359640003383,29,-1.4477256342805584,-0.8969770056603548,0.12756197743926798,0.5356971370075291
4,4.434655475497809,1.241650457296472,1.9693359640003383,30,-1.3557315983941316,-0.8557020622208532,0.12815505260109641,0.5450295226901725
4,4.434655475497809,1.241650457296472,1.9693359640003383,31,-1.263280844679524,-0.814059129162654,0.12872290344074697,0.5540323298948571
4,4.434655475497809,1.241650457296472,1.9693359640003383,32,-1.170397881625607,-0.7720660281285201,0.12926486339130167,0.5626856436012571
4,4.434655475497809,1.241650457296472,1.9693359640003383,33,-1.077107039663583,-0.7297407536077942,0.12978029711601546,0.570970288348675
4,4.434655475497809,1.241650457296472,1.9693359640003383,34,-0.9834324825555221,-0.6871014618085282,0.13026860110862093,0.5788678785984143
4,4.434655475497809,1.241650457296472,1.9693359640003383,35,-0.8893982184763584,-0.6441664597706083,0.13072920426700838,0.5863608662743285
4,4.434655475497809,1.241650457296472,1.9693359640003383,36,-0.7950281108110017,-0.6009541947235192,0.13116156843914537,0.5934325854594529
4,4.434655475497809,1.241650457296472,1.9693359640003383,37,-0.700345888687284,-0.5574832436888044,0.13156518894016483,0.6000672942357589
4,4.434655475497809,1.241650457296472,1.9693359640003383,38,-0.6053751572645696,-0.5137723033240489,0.1319395950396114,0.6062502136617467
4,4.434655475497809,1.241650457296472,1.9693359640003383,39,-0.5101394077971908,-0.46984018000234284,0.13228435041790063,0.6119675638888848
4,4.434655475497809,1.241650457296472,1.9693359640003383,40,-0.4146620274912277,-0.42570578011861576,0.13259905359110757,0.6172065974229359
4,4.434655475497809,1.241650457296472,1.9693359640003383,41,-0.3189663091726559,-0.38138810061196454,0.13288333830326757,0.6219556295400605
4,4.434655475497809,1.241650457296472,1.9693359640003383,42,-0.22307546078443488,-0.33690621969110557,0.1331368738854347,0.6262040658703864
4,4.434655475497809,1.241650457296472,1.9693359640003383,43,-0.12701261472976183,-0.2922792877483374,0.1333593655808122,0.6299424271635454
4,4.434655475497809,1.241650457296472,1.9693359640003383,44,-0.030800837078374,-0.24752651844587426,0.13355055483533274,0.6331623712516369
4,4.434655475497809,1.241650457296472,1.9693359640003383,45,0.06553686334743858,-0.20266717995711944,0.13371021955313517,0.6358567122252498
4,4.434655475497809,1.241650457296472,1.9693359640003383,46,0.16197752599069762,-0.15772058634432148,0.1338381743164518,0.6380194368376808
4,4.434655475497809,1.241650457296472,1.9693359640003383,47,0.2584982296652099,-0.11270608905313684,0.13393427056948856,0.6396457181513863
4,4.434655475497809,1.241650457296472,1.9693359640003383,48,0.3550760837325557,-0.06764306850384243,0.13399839676594863,0.6407319264391268
4,4.434655475497809,1.241650457296472,1.9693359640003383,49,0.4516882193345711,-0.02255092575834567,0.13403047847992056,0.6412756373502515
4,4.434655475497809,1.241650457296472,1.9693359640003383,50,0.5483117806654287,0.022550925758345573,0.13403047847992056,0.6412756373502515
4,4.434655475497809,1.241650457296472,1.9693359640003383,51,0.6449239162674439,0.06764306850384229,0.13399839676594863,0.6407319264391268
4,4.434655475497809,1.241650457296472,1.9693359640003383,52,0.74150177033479,0.1127060890531368,0.13393427056948856,0.6396457181513863
4,4.434655475497809,1.241650457296472,1.9693359640003383,53,0.838022474009303,0.1577205863443218,0.1338381743164518,0.6380194368376807
4,4.434655475497809,1.241650457296472,1.9693359640003383,54,0.9344631366525621,0.20266717995711975,0.13371021955313517,0.6358567122252498
4,4.434655475497809,1.241650457296472,1.9693359640003383,55,1.0308008370783746,0.24752651844587448,0.13355055483533274,0.6331623712516368
4,4.434655475497809,1.241650457296472,1.9693359640003383,56,1.1270126147297623,0.29227928774833756,0.1333593655808122,0.6299424271635455
4,4.434655475497809,1.241650457296472,1.9693359640003383,57,1.2230754607844343,0.33690621969110524,0.13313687388543463,0.6262040658703864
4,4.434655475497809,1.241650457296472,1.9693359640003383,58,1.3189663091726551,0.3813881006119642,0.13288333830326754,0.6219556295400606
4,4.434655475497809,1.241650457296472,1.9693359640003383,59,1.4146620274912274,0.42570578011861554,0.1325990535911076,0.6172065974229359
4,4.434655475497809,1.241650457296472,1.9693359640003383,60,1.5101394077971912,0.46984018000234296,0.13228435041790063,0.6119675638888848
4,4.434655475497809,1.241650457296472,1.9693359640003383,61,1.6053751572645694,0.5137723033240489,0.13193959503961136,0.6062502136617467
4,4.434655475497809,1.241650457296472,1.9693359640003383,62,1.7003458886872838,0.5574832436888044,0.13156518894016486,0.6000672942357589
4,4.434655475497809,1.241650457296472,1.9693359640003383,63,1.7950281108110016,0.6009541947235193,0.13116156843914537,0.5934325854594529
4,4.434655475497809,1.241650457296472,1.9693359640003383,64,1.889398218476358,0.6441664597706082,0.13072920426700835,0.5863608662743285
4,4.434655475497809,1.241650457296472,1.9693359640003383,65,1.9834324825555227,0.6871014618085284,0.13026860110862093,0.5788678785984143
4,4.434655475497809,1.241650457296472,1.9693359640003383,66,2.0771070396635833,0.7297407536077944,0.12978029711601546,0.570970288348675
4,4.434655475497809,1.241650457296472,1.9693359640003383,67,2.1703978816256075,0.7720660281285203,0.12926486339130172,0.5626856436012571
4,4.434655475497809,1.241650457296472,1.9693359640003383,68,2.2632808446795245,0.8140591291626541,0.12872290344074697,0.5540323298948571
4,4.434655475497809,1.241650457296472,1.9693359640003383,69,2.355731598394132,0.8557020622208533,0.1281550526010964,0.5450295226901724
4,4.434655475497809,1.241650457296472,1.9693359640003383,70,2.447725634280558,0.8969770056603545,0.12756197743926795,0.5356971370075292
4,4.434655475497809,1.241650457296472,1.9693359640003383,71,2.539238254074344,0.9378663220462131,0.12694437512661824,0.5260557742754929
4,4.434655475497809,1.241650457296472,1.9693359640003383,72,2.630244557663973,0.9783525697338785,0.1263029727890379,0.5161266664356304
4,4.434655475497809,1.241650457296472,1.9693359640003383,73,2.720719430640107,1.0184185146562466,0.12563852683419838,0.5059316173626968
4,4.434655475497809,1.241650457296472,1.9693359640003383,74,2.8106375314379664,1.0580471422930133,0.12495182225733373,0.49549294167542435
4,4.434655475497809,1.241650457296472,1.9693359640003383,75,2.8999732780431353,1.0972216697943769,0.1242436719270076,0.4848334010308965
4,4.434655475497809,1.241650457296472,1.9693359640003383,76,2.988700834228649,1.1359255582248704,0.12351491585238052,0.4739761380151516
4,4.434655475497809,1.241650457296472,1.9693359640003383,77,3.0767940952883075,1.1741425248863069,0.12276642043356205,0.46294460776431323
4,4.434655475497809,1.241650457296472,1.9693359640003383,78,3.1642266732278808,1.2118565556715568,0.12199907769670482,0.45176250747407454
4,4.434655475497809,1.241650457296472,1.9693359640003383,79,3.250971881372017,1.2490519173930619,0.1212138045155728,0.44045370398080863
4,4.434655475497809,1.241650457296472,1.9693359640003383,80,3.337002718340246,1.2857131700217188,0.12041154182139975,0.4290421596248377
4,4.434655475497809,1.241650457296472,1.9693359640003383,81,3.42229185134041,1.3218251787630155,0.11959325380294045,0.4175518566353563
4,4.434655475497809,1.241650457296472,1.9693359640003383,82,3.506811598721982,1.3573731258881052,0.11875992709871548,0.40600672030702234
4,4.434655475497809,1.241650457296472,1.9693359640003383,83,3.5905339117250485,1.392342522227916,0.11791256998355687,0.39443054127010335
4,4.434655475497809,1.241650457296472,1.9693359640003383,84,3.6734303553531107,1.4267192182285169,0.1170522115516804,0.38284689718899456
4,4.434655475497809,1.241650457296472,1.9693359640003383,85,3.75547208828908,1.4604894144557676,0.1161799008986451,0.3712790742576404
4,4.434655475497809,1.241650457296472,1.9693359640003383,86,3.8366298417639833,1.4936396714270042,0.11529670630470985,0.3597499888944358
4,4.434655475497809,1.241650457296472,1.9693359640003383,87,3.916873897276586,1.526156918637139,0.11440371442227007,0.3482821100731627
4,4.434655475497809,1.241650457296472,1.9693359640003383,88,3.996174063049437,1.5580284626363126,0.1135020294702509,0.33689738275983966
4,4.434655475497809,1.241650457296472,1.9693359640003383,89,4.07449964909247,1.589241994006215,0.1125927724385582,0.32561715295748006
4,4.434655475497809,1.241650457296472,1.9693359640003383,90,4.151819440729191,1.6197855930726115,0.11167708030594276,0.3144620948909455
4,4.434655475497809,1.241650457296472,1.9693359640003383,91,4.228101670422351,1.6496477341825966,0.11075610527492799,0.3034521408916678
4,4.434655475497809,1.241650457296472,1.9693359640003383,92,4.303313987715874,1.6788172883669328,0.10983101402778649,0.29260641456615677
4,4.434655475497809,1.241650457296472,1.9693359640003383,93,4.3774234270874,1.7072835242006692,0.10890298700793731,0.28194316785211027
4,4.434655475497809,1.241650457296472,1.9693359640003383,94,4.450396373480909,1.735036106669281,0.10797321773157775,0.27147972258074965
4,4.434655475497809,1.241650457296472,1.9693359640003383,95,4.522198525261582,1.7620650938431335,0.10704291213486915,0.2612324171728314
4,4.434655475497809,1.241650457296472,1.9693359640003383,96,4.592794854305058,1.7883609311602657,0.10611328796257301,0.2512165590978163
4,4.434655475497809,1.241650457296472,1.9693359640003383,97,4.662149562900426,1.8139144431165226,0.10518557420469248,0.24144638372015456
4,4.434655475497809,1.241650457296472,1.9693359640003383,98,4.730226037110803,1.83871682216316,0.10426101058841998,0.2319350201428332
4,4.434655475497809,1.241650457296472,1.9693359640003383,99,4.796986796197077,1.862759614615218,0.10334084713353862,0.22269446463573525
5,8.630871549235842,2.341689620389267,3.21098642129681,0,-8.158991651021843,-1.984588548625205,0.0529704152912519,0.1271428620441759
5,8.630871549235842,2.341689620389267,3.21098642129681,1,-8.035930134405412,-1.9609765517856765,0.05340398993637596,0.13421092674629803
5,8.630871549235842,2.341689620389267,3.21098642129681,2,-7.909774186620565,-1.9365411279933935,0.05384233151724748,0.14160515200690194
5,8.630871549235842,2.341689620389267,3.21098642129681,3,-7.780581084312738,-1.9112838864267925,0.05428481238230747,0.14932406666930037
5,8.630871549235842,2.341689620389267,3.21098642129681,4,-7.648408065964286,-1.885206823542413,0.0547307998832293,0.15736470931763785
5,8.630871549235842,2.341689620389267,3.21098642129681,5,-7.5133124154689686,-1.8583123749035522,0.055179656845599806,0.16572256159140356
5,8.630871549235842,2.341689620389267,3.21098642129681,6,-7.375351534769717,-1.8306034642662177,0.05563074210991429,0.17439149221650252
5,8.630871549235842,2.341689620389267,3.21098642129681,7,-7.234583006414775,-1.8020835497140701,0.05608341113613244,0.18336371242093777
5,8.630871549235842,2.341689620389267,3.21098642129681,8,-7.09106464685641,-1.7727566666588632,0.0565370166653842,0.19262974327950788
5,8.630871549235842,2.341689620389267,3.21098642129681,9,-6.944854551283399,-1.7426274675501638,0.05699090943274525,0.2021783954023808
5,8.630871549235842,2.341689620389267,3.21098642129681,10,-6.796011130743565,-1.711701258167024,0.05744443892531961,0.2119967612497245
5,8.630871549235842,2.341689620389267,3.21098642129681,11,-6.644593142275937,-1.6799840303939524,0.05789695418017327,0.2220702202213653
5,8.630871549235842,2.341689620389267,3.21098642129681,12,-6.490659712734445,-1.647482491413371,0.05834780461695251,0.2323824565390763
5,8.630871549235842,2.341689620389267,3.21098642129681,13,-6.334270356946237,-1.6142040892760101,0.058796340900298505,0.24291548981172068
5,8.630871549235842,2.341689620389267,3.21098642129681,14,-6.175484990808551,-1.5801570348389384,0.05924191582743142,0.25364971805194225
5,8.630871549235842,2.341689620389267,3.21098642129681,15,-6.014363939888719,-1.5453503200876453,0.059683885236525576,0.2645639727989762
5,8.630871549235842,2.341689620389267,3.21098642129681,16,-5.850967944052773,-1.5097937328834377,0.060121608931731456,0.2756355858967201
5,8.630871549235842,2.341689620389267,3.21098642129681,17,-5.685358158609492,-1.4734978682001065,0.06055445162092037,0.28684046738043006
5,8.630871549235842,2.341689620389267,3.21098642129681,18,-5.517596152418951,-1.4364741359341573,0.06098178386243577,0.29815319383999406
5,8.630871549235842,2.341689620389267,3.21098642129681,19,-5.347743903377884,-1.398734765390774,0.06140298301732954,0.30954710655310036
5,8.630871549235842,2.341689620389267,3.21098642129681,20,-5.175863791658663,-1.3602928065630064,0.06181743420374596,0.3209944186179689
5,8.630871549235842,2.341689620389267,3.21098642129681,21,-5.002018591044655,-1.3211621283344779,0.06222453125028805,0.3324663302625964
5,8.630871549235842,2.341689620389267,3.21098642129681,22,-4.826271458672219,-1.2813574137462367,0.06262367764536332,0.3439331514654845
5,8.630871549235842,2.341689620389267,3.21098642129681,23,-4.648685923458711,-1.2408941524762884,0.06301428747965959,0.355364430991185
5,8.630871549235842,2.341689620389267,3.21098642129681,24,-4.469325873466808,-1.199788630686035,0.06339578637904515,0.3667290909221937
5,8.630871549235842,2.341689620389267,3.21098642129681,25,-4.288255542428041,-1.1580579183913964,0.06376761242532446,0.3779955657561548
5,8.630871549235842,2.341689620389267,3.21098642129681,26,-4.105539495622894,-1.1157198545180114,0.06412921706240948,0.3891319451332927
5,8.630871549235842,2.341689620389267,3.21098642129681,27,-3.921242615290963,-1.0727930297997952,0.06448006598559006,0.40010611926274126
5,8.630871549235842,2.341689620389267,3.21098642129681,28,-3.73543008572262,-1.0292967676784288,0.06481964001170278,0.41088592612719743
5,8.630871549235842,2.341689620389267,3.21098642129681,29,-3.548167378163256,-0.9852511033583071,0.06514743592811041,0.4214392995623175
5,8.630871549235842,2.341689620389267,3.21098642129681,30,-3.3595202356423943,-0.9406767611672314,0.0654629673185105,0.43173441732971585
5,8.630871549235842,2.341689620389267,3.21098642129681,31,-3.169554657822837,-0.8955951303679189,0.06576576536369476,0.4417398483295375
5,8.630871549235842,2.341689620389267,3.21098642129681,32,-2.9783368859493304,-0.8500282395593766,0.06605537961548044,0.4514246981296659
5,8.630871549235842,2.341689620389267,3.21098642129681,33,-2.7859333879619963,-0.8039987298005205,0.06633137874213145,0.46075875202296657
5,8.630871549235842,2.341689620389267,3.21098642129681,34,-2.592410843826845,-0.7575298265812876,0.06659335124367946,0.46971261486094906
5,8.630871549235842,2.341689620389267,3.21098642129681,35,-2.3978361311240923,-0.7106453107590202,0.06684090613564828,0.4782578469512492
5,8.630871549235842,2.341689620389267,3.21098642129681,36,-2.202276310924457,-0.6633694885702399,0.06707367359977229,0.486367095346868
5,8.630871549235842,2.341689620389267,3.21098642129681,37,-2.0057986139742976,-0.6157271608202088,0.06729130560038903,0.4940142198966899
5,8.630871549235842,2.341689620389267,3.21098642129681,38,-1.8084704272019811,-0.5677435913449665,0.06749347646527065,0.5011744134690155
5,8.630871549235842,2.341689620389267,3.21098642129681,39,-1.610359280550502,-0.5194444748330037,0.06767988342974614,0.5078243158023519
5,8.630871549235842,2.341689620389267,3.21098642129681,40,-1.411532834134706,-0.4708559040863891,0.06785024714304805,0.5139421204801967
5,8.630871549235842,2.341689620389267,3.21098642129681,41,-1.2120588657156708,-0.4220043367941513,0.06800431213590344,0.5195076745687972
5,8.630871549235842,2.341689620389267,3.21098642129681,42,-1.012005258479683,-0.37291656188405575,0.06814184724846975,0.5245025704986883
5,8.630871549235842,2.341689620389267,3.21098642129681,43,-0.8114399891048114,-0.32361966551269267,0.06826264601779952,0.5289102298120474
5,8.630871549235842,2.341689620389267,3.21098642129681,44,-0.6104311160941702,-0.27414099674801745,0.06836652702410062,0.5327159784384975
5,8.630871549235842,2.341689620389267,3.21098642129681,45,-0.4090467683517118,-0.22450813299325725,0.06845333419513899,0.5359071132018527
5,8.630871549235842,2.341689620389267,3.21098642129681,46,-0.20735513397350921,-0.17474884519638204,0.06852293706821459,0.5384729592994444
5,8.630871549235842,2.341689620389267,3.21098642129681,47,-0.005424449225189032,-0.12489106288523291,0.06857523100922083,0.5404049185341007
5,8.630871549235842,2.341689620389267,3.21098642129681,48,0.19667701232582777,-0.07496283906486105,0.06861013738838097,0.5416965081166302
5,8.630871549235842,2.341689620389267,3.21098642129681,49,0.3988809505560841,-0.024992315010744483,0.06862760371233535,0.5423433898938429
5,8.630871549235842,2.341689620389267,3.21098642129681,50,0.6011190494439156,0.02499231501074438,0.06862760371233534,0.5423433898938428
5,8.630871549235842,2.341689620389267,3.21098642129681,51,0.8033229876741717,0.07496283906486088,0.06861013738838097,0.5416965081166302
5,8.630871549235842,2.341689620389267,3.21098642129681,52,1.005424449225189,0.12489106288523286,0.06857523100922085,0.5404049185341007
5,8.630871549235842,2.341689620389267,3.21098642129681,53,1.2073551339735105,0.17474884519638237,0.06852293706821458,0.5384729592994443
5,8.630871549235842,2.341689620389267,3.21098642129681,54,1.4090467683517132,0.22450813299325761,0.068453334195139,0.5359071132018527
5,8.630871549235842,2.341689620389267,3.21098642129681,55,1.6104311160941713,0.27414099674801773,0.06836652702410063,0.5327159784384974
5,8.630871549235842,2.341689620389267,3.21098642129681,56,1.8114399891048123,0.32361966551269283,0.06826264601779954,0.5289102298120475
5,8.630871549235842,2.341689620389267,3.21098642129681,57,2.0120052584796815,0.37291656188405536,0.06814184724846976,0.5245025704986884
5,8.630871549235842,2.341689620389267,3.21098642129681,58,2.2120588657156692,0.42200433679415095,0.06800431213590344,0.5195076745687973
5,8.630871549235842,2.341689620389267,3.21098642129681,59,2.411532834134705,0.4708559040863889,0.06785024714304805,0.5139421204801967
5,8.630871549235842,2.341689620389267,3.21098642129681,60,2.6103592805505027,0.5194444748330038,0.06767988342974612,0.5078243158023519
5,8.630871549235842,2.341689620389267,3.21098642129681,61,2.808470427201981,0.5677435913449665,0.06749347646527067,0.5011744134690155
5,8.630871549235842,2.341689620389267,3.21098642129681,62,3.0057986139742976,0.6157271608202088,0.06729130560038903,0.4940142198966899
5,8.630871549235842,2.341689620389267,3.21098642129681,63,3.202276310924457,0.66336948857024,0.06707367359977232,0.48636709534686806
5,8.630871549235842,2.341689620389267,3.21098642129681,64,3.397836131124092,0.71064531075902,0.06684090613564828,0.4782578469512492
5,8.630871549235842,2.341689620389267,3.21098642129681,65,3.592410843826846,0.7575298265812879,0.06659335124367947,0.4697126148609491
5,8.630871549235842,2.341689620389267,3.21098642129681,66,3.785933387961997,0.8039987298005207,0.06633137874213146,0.46075875202296657
5,8.630871549235842,2.341689620389267,3.21098642129681,67,3.9783368859493313,0.8500282395593768,0.06605537961548047,0.45142469812966596
5,8.630871549235842,2.341689620389267,3.21098642129681,68,4.169554657822838,0.895595130367919,0.06576576536369474,0.44173984832953755
5,8.630871549235842,2.341689620389267,3.21098642129681,69,4.359520235642395,0.9406767611672315,0.0654629673185105,0.43173441732971574
5,8.630871549235842,2.341689620389267,3.21098642129681,70,4.548167378163255,0.9852511033583069,0.06514743592811041,0.4214392995623176
5,8.630871549235842,2.341689620389267,3.21098642129681,71,4.735430085722619,1.0292967676784286,0.06481964001170278,0.41088592612719754
5,8.630871549235842,2.341689620389267,3.21098642129681,72,4.9212426152909625,1.0727930297997952,0.06448006598559004,0.40010611926274114
5,8.630871549235842,2.341689620389267,3.21098642129681,73,5.105539495622894,1.1157198545180114,0.06412921706240947,0.3891319451332927
5,8.630871549235842,2.341689620389267,3.21098642129681,74,5.2882555424280415,1.1580579183913966,0.06376761242532446,0.37799556575615467
5,8.630871549235842,2.341689620389267,3.21098642129681,75,5.469325873466808,1.199788630686035,0.06339578637904515,0.3667290909221937
5,8.630871549235842,2.341689620389267,3.21098642129681,76,5.648685923458713,1.2408941524762886,0.06301428747965959,0.35536443099118487
5,8.630871549235842,2.341689620389267,3.21098642129681,77,5.826271458672219,1.2813574137462367,0.06262367764536332,0.3439331514654844
5,8.630871549235842,2.341689620389267,3.21098642129681,78,6.002018591044653,1.3211621283344774,0.06222453125028806,0.33246633026259653
5,8.630871549235842,2.341689620389267,3.21098642129681,79,6.175863791658662,1.3602928065630062,0.06181743420374597,0.3209944186179691
5,8.630871549235842,2.341689620389267,3.21098642129681,80,6.347743903377886,1.3987347653907745,0.06140298301732953,0.3095471065531003
5,8.630871549235842,2.341689620389267,3.21098642129681,81,6.517596152418951,1.4364741359341573,0.06098178386243577,0.2981531938399941
5,8.630871549235842,2.341689620389267,3.21098642129681,82,6.685358158609493,1.4734978682001068,0.06055445162092038,0.28684046738043
5,8.630871549235842,2.341689620389267,3.21098642129681,83,6.850967944052772,1.5097937328834377,0.06012160893173145,0.27563558589672016
5,8.630871549235842,2.341689620389267,3.21098642129681,84,7.014363939888718,1.545350320087645,0.05968388523652558,0.2645639727989762
5,8.630871549235842,2.341689620389267,3.21098642129681,85,7.17548499080855,1.580157034838938,0.05924191582743142,0.2536497180519423
5,8.630871549235842,2.341689620389267,3.21098642129681,86,7.334270356946234,1.6142040892760094,0.05879634090029851,0.2429154898117208
5,8.630871549235842,2.341689620389267,3.21098642129681,87,7.490659712734442,1.6474824914133706,0.05834780461695251,0.23238245653907638
5,8.630871549235842,2.341689620389267,3.21098642129681,88,7.644593142275937,1.6799840303939524,0.057896954180173266,0.22207022022136516
5,8.630871549235842,2.341689620389267,3.21098642129681,89,7.796011130743565,1.711701258167024,0.05744443892531961,0.2119967612497244
5,8.630871549235842,2.341689620389267,3.21098642129681,90,7.944854551283399,1.7426274675501638,0.056990909432745256,0.20217839540238086
5,8.630871549235842,2.341689620389267,3.21098642129681,91,8.09106464685641,1.7727566666588634,0.056537016665384215,0.19262974327950777
5,8.630871549235842,2.341689620389267,3.21098642129681,92,8.234583006414775,1.8020835497140701,0.05608341113613243,0.18336371242093766
5,8.630871549235842,2.341689620389267,3.21098642129681,93,8.375351534769717,1.8306034642662175,0.0556307421099143,0.1743914922165026
5,8.630871549235842,2.341689620389267,3.21098642129681,94,8.51331241546897,1.8583123749035526,0.055179656845599806,0.16572256159140342
5,8.630871549235842,2.341689620389267,3.21098642129681,95,8.648408065964288,1.8852068235424133,0.05473079988322928,0.1573647093176377
5,8.630871549235842,2.341689620389267,3.21098642129681,96,8.780581084312736,1.9112838864267925,0.05428481238230747,0.14932406666930031
5,8.630871549235842,2.341689620389267,3.21098642129681,97,8.909774186620565,1.9365411279933937,0.053842331517247474,0.14160515200690188
5,8.630871549235842,2.341689620389267,3.21098642129681,98,9.035930134405413,1.9609765517856768,0.053403989936375934,0.13421092674629792
5,8.630871549235842,2.341689620389267,3.21098642129681,99,9.158991651021845,1.9845885486252053,0.052970415291251884,0.12714286204417577
